Version,ಆವೃತ್ತಿ
More Resources,ಹೆಚ್ಚಿನ ಸಂಪನ್ಮೂಲಗಳು
Themes,ಥೀಮ್‌ಗಳು
Filters,ಫಿಲ್ಟರ್‌ಗಳು
Apply Filters,ಫಿಲ್ಟರ್ ಅನ್ವಯಿಸಿ
Back,ಹಿಂತಿರುಗಿ
Back to Stories,ಕಥೆಗಳಿಗೆ ಹಿಂತಿರುಗಿ
Open in AntennaPod,ಅಂಟೆನಾಪಾಡ್‌ನಲ್ಲಿ ತೆರೆಯಿರಿ
Popular Stories,ಜನಪ್ರಿಯ ಕಥೆಗಳು
All Stories,ಎಲ್ಲಾ ಕಥೆಗಳು
Filter Stories,ಕಥೆಗಳನ್ನು ಫಿಲ್ಟರ್ ಮಾಡಿ
Themes,ವಿಷಯಗಳು
Duration,ಅವಧಿ
All,ಎಲ್ಲಾ
Short,ಚಿಕ್ಕದು (3 ನಿಮಿಷಕ್ಕಿಂತ ಕಡಿಮೆ)
Medium,ಮಧ್ಯಮ (3 ರಿಂದ 5 ನಿಮಿಷ)
Long,ದೀರ್ಘ (5 ನಿಮಿಷಕ್ಕಿಂತ ಹೆಚ್ಚು)
Apply Filters,ಫಿಲ್ಟರ್ ಅನ್ವಯಿಸಿ
Home,ಮುಖಪುಟ
About,ನಮ್ಮ ಬಗ್ಗೆ
Filtered Stories,ಫಿಲ್ಟರ್ ಮಾಡಿದ ಕಥೆಗಳು
Open All in AntennaPod,ಆಂಟೆನಾಪಾಡ್‌ನಲ್ಲಿ ಎಲ್ಲವನ್ನೂ ಪ್ರವೇಶಿಸಿ
No stories found for the selected filters,ಆಯ್ಕೆಮಾಡಿದ ಫಿಲ್ಟರ್‌ಗಳಿಗೆ ಯಾವುದೇ ಕಥೆಗಳು ಕಂಡುಬಂದಿಲ್ಲ