Version,आवृत्ती
More Resources,अधिक संसाधने
Themes,थीम
Filters,फिल्टर
Apply Filters,फिल्टर लागू करा
Back,मागे
Back to Stories,कथांकडे परत जा
Open in AntennaPod,अँटेनापॉडमध्ये उघडा
Popular Stories,लोकप्रिय कथा
All Stories,सर्व कथा
Filter Stories,कथा फिल्टर करा
Themes,विषय
Duration,कालावधी
All,सर्व
Short,छोटी (< 3 मिनिट)
Medium,मध्यम (3–5 मिनिट)
Long,लांब (> 5 मिनिट)
Apply Filters,फिल्टर लागू करा
Home,मुख्यपृष्ठ
About,आमच्याबद्दल
Filtered Stories,फिल्टर केलेल्या कथा
Open All in AntennaPod,अँटेनापॉडमधील सर्व उघडा
No stories found for the selected filters,निवडलेल्या फिल्टरनुसार कोणतीही कथा आढळली नाही